Feature,Correlation,P-value,Strength
Start_Lat,0.07970264844102022,1.0889476391989066e-48,No correlation
Start_Lng,0.07077264694181691,9.79057349153991e-39,No correlation
End_Lat,0.07972981739522111,1.0113858292083042e-48,No correlation
End_Lng,0.07076421076687556,9.992007677963864e-39,No correlation
Distance(mi),0.028008427032134044,2.6600473760353263e-07,No correlation
Temperature(F),-0.01955271595774471,0.00032800635236225357,No correlation
Wind_Chill(F),-0.02276122041663353,2.8933228741406095e-05,No correlation
Humidity(%),0.024257268958180016,8.325523148911068e-06,No correlation
Pressure(in),-0.019444687281925124,0.00035390867497703255,No correlation
Visibility(mi),-0.019186612096541773,0.0004237339603539798,No correlation
Wind_Speed(mph),0.022196516309694235,4.543834195093619e-05,No correlation
Precipitation(in),0.01686920624625296,0.0019414943483117544,No correlation
Sunrise_Sunset,-0.0035177120560351467,0.518153524100102,No correlation
Year,-0.1852892616702257,2.3796596473717233e-258,Low correlation
